<?xml version="1.0" encoding="UTF-8"?>

<themeConfig>
    <theme 
        name="Nimbus - Vaporware Sunset"
        showLoginBackground="true"
        shortcutsVisibleForSkipButtons="false"
    />
    <themeColors
        mageToolbarBackgroundColor="rgb(192, 166, 232)"
        gameEndTextBackgroundColor="rgba(240, 240, 240, 140)"
        cardTooltipBackgroundColor="rgb(204, 204, 204)"
        playerPanelInactiveBackgroundColor="rgb(243, 233, 164)"
        playerPanelActiveBackgroundColor="rgb(204, 236, 201)"
        playerPanelDeadBackgroundColor="rgb(106, 0, 255)"
        cardIconsFillColor="rgb(246, 136, 158)"
        cardIconsStrokeColor="black"
        cardIconsTextColor="rgb(106, 0, 255)"
    />
    <themeDefaults>
        <default key="nimbusBlueGrey" color="rgb(246, 136, 158)" />
        <default key="nimbusLightBackground" color="rgb(204, 236, 201)" />
        <default key="nimbusBase" color="rgb(106, 0, 255)" />
        <default key="control" color="rgb(243, 233, 164)" />
        <default key="info" color="rgb(117, 174, 238)" />
    </themeDefaults>
    <themeResources>
        <resource name="/background/background.png" relPath="/background/background.png" />
        <resource name="/background/login-background.png" relPath="/background/login-background.png" />
        <resource name="/buttons/cancel_skip.png" relPath="/buttons/cancel_skip.png" />
        <resource name="/buttons/concede.png" relPath="/buttons/concede.png" />
        <resource name="/buttons/skip_all.png" relPath="/buttons/skip_all.png" />
        <resource name="/buttons/skip_stack.png" relPath="/buttons/skip_stack.png" />
        <resource name="/buttons/skip_to_end.png" relPath="/buttons/skip_to_end.png" />
        <resource name="/buttons/skip_to_main.png" relPath="/buttons/skip_to_main.png" />
        <resource name="/buttons/skip_to_previous_end.png" relPath="/buttons/skip_to_previous_end.png" />
        <resource name="/buttons/skip_turn.png" relPath="/buttons/skip_turn.png" />
        <resource name="/buttons/stop_watching.png" relPath="/buttons/stop_watching.png" />
        <resource name="/buttons/switch_hands.png" relPath="/buttons/switch_hands.png" />
        <resource name="/buttons/toggle_macro.png" relPath="/buttons/toggle_macro.png" />
        <resource name="/phases/phase_cleanup.png" relPath="/phases/phase_cleanup.png" />
        <resource name="/phases/phase_combat_attack.png" relPath="/phases/phase_combat_attack.png" />
        <resource name="/phases/phase_combat_block.png" relPath="/phases/phase_combat_block.png" />
        <resource name="/phases/phase_combat_damage.png" relPath="/phases/phase_combat_damage.png" />
        <resource name="/phases/phase_combat_end.png" relPath="/phases/phase_combat_end.png" />
        <resource name="/phases/phase_combat_start.png" relPath="/phases/phase_combat_start.png" />
        <resource name="/phases/phase_draw.png" relPath="/phases/phase_draw.png" />
        <resource name="/phases/phase_main1.png" relPath="/phases/phase_main1.png" />
        <resource name="/phases/phase_main2.png" relPath="/phases/phase_main2.png" />
        <resource name="/phases/phase_next_turn.png" relPath="/phases/phase_next_turn.png" />
        <resource name="/phases/phase_untap.png" relPath="/phases/phase_untap.png" />
        <resource name="/phases/phase_upkeep.png" relPath="/phases/phase_upkeep.png" />
        <resource name="/winloss/game_lost.jpg" relPath="/winloss/game_lost.jpg" />
        <resource name="/winloss/game_won.jpg" relPath="/winloss/game_won.jpg" />
    </themeResources>
</themeConfig>
